<?xml version="1.0" encoding="UTF-8"?>
<actions>
        <action>
            <actionName>CUSTOM-JaCoCo-kattavuus</actionName>
            <displayName>JaCoCo-kattavuus</displayName>
            <goals>
                <goal>org.jacoco:jacoco-maven-plugin:0.8.2:report</goal>
            </goals>
        </action>
        <action>
            <actionName>CUSTOM-uus</actionName>
            <displayName>uus</displayName>
            <goals>
                <goal>org.jacoco:jacoco-maven-plugin:0.8.6:report</goal>
            </goals>
        </action>
    </actions>
